お仕事No.,応募数 合計
2203556553,2.2284033
2203515280,3.4884992
2203546900,3.2787488
2203545344,3.5697136
2203557987,2.5656557
2203511565,2.6490073
2203525420,2.042398
2203494391,3.5195055
2203509988,2.510832
2203554385,2.1211267
2203554555,2.115293
2203559938,0.20137793
2203546898,2.347076
2203537199,1.5534269
2203509659,2.4340072
2203526411,2.233111
2203558348,1.6286412
2203527442,2.0149887
2203548920,1.879458
2203539381,1.5576956
2203548939,2.0516403
2203514393,2.6358953
2203540200,1.5364149
2203552261,1.8857882
2203523737,2.2802978
2203511772,1.7970151
2203538462,2.6444197
2203545202,2.9276419
2203501746,3.233136
2203551617,1.5225971
2203554360,1.725291
2203467767,2.6495233
2203559180,0.6445968
2203526166,2.083641
2203495958,2.630617
2203552588,1.1190227
2203546087,3.0569146
2203557223,1.9873247
2203551388,1.1450734
2203553871,0.9381943
2203528893,1.6305573
2203532652,0.9649948
2203558645,0.9918465
2203517850,2.6058943
2203526826,1.1106553
2203557114,0.93521035
2203559887,0.4330612
2203536595,3.1092758
2203555803,1.4123847
2203553962,0.7848405
2203508238,1.6914289
2203550996,1.0370548
2203558732,1.1081226
2203523111,1.8992236
2203542663,1.155777
2203531347,2.5839033
2203504071,1.3613197
2203548891,1.1594152
2203556983,1.5793124
2203526244,2.173927
2203505822,1.3871552
2203555760,0.84643555
2203559881,0.39597952
2203556204,0.868093
2203522916,1.0579758
2203540706,1.3752546
2203535805,1.4215673
2203550569,1.9563528
2203560065,0.42767558
2203554152,1.2406914
2203558707,2.1074286
2203536025,2.6648746
2203556657,1.0318568
2203554919,0.62399304
2203548209,1.3555046
2203559357,0.69187367
2203534402,1.6796052
2203549990,1.1273777
2203556312,0.9986726
2203550931,1.831382
2203506584,1.7158892
2203556533,0.7448259
2203554930,1.1796563
2203550201,1.0014572
2203557199,2.1434445
2203545333,1.6510787
2203470445,1.9433153
2203552444,0.79240286
2203547445,1.1837056
2203554851,0.90946174
2203551513,2.5454254
2203541013,1.846227
2203525798,1.3856316
2203531242,1.787685
2203556362,0.12443793
2203539995,1.8398486
2203553418,0.4258305
2203556394,0.9634867
2203536899,1.5495034
2203558980,1.3770599
2203520412,0.8391534
2203555115,0.6817377
2203559140,0.8255429
2203559289,0.3842828
2203559337,0.5969606
2203508914,2.4953449
2203537373,1.2917899
2203520321,1.7352102
2203545682,2.3462615
2203535788,2.487862
2203545476,0.7659608
2203531107,1.4456416
2203559834,0.6961653
2203555325,0.9444791
2203505337,1.6538945
2203554041,0.3328876
2203534249,1.0380538
2203512438,1.5887365
2203549488,2.1914322
2203519812,3.0300643
2203537393,0.52006567
2203470577,2.5552356
2203559873,0.4133162
2203529749,0.25432572
2203555033,2.3592691
2203530605,0.9800544
2203558818,1.2428031
2203552466,0.7453529
2203544503,0.91150004
2203533521,1.816447
2203510456,0.7112319
2203540838,1.3498363
2203558540,1.08563
2203548293,0.957426
2203515868,1.0390872
2203558121,1.6725732
2203490910,2.19589
2203515598,1.8387107
2203558605,1.3455732
2203555034,0.85456336
2203516555,0.8358531
2203520581,1.8536586
2203550726,1.091913
2203549224,0.98009574
2203560047,0.3472786
2203553869,0.37054044
2203530089,1.0254562
2203558998,0.9194106
2203553951,0.8462375
2203545409,1.321315
2203531747,2.043252
2203551308,0.68856084
2203546600,2.2438846
2203526516,1.0018275
2203516192,0.61794347
2203505481,2.058971
2203539342,2.1074083
2203553728,1.4868438
2203559708,0.5631863
2203559408,1.2307147
2203555633,0.6395097
2203558672,0.43732724
2203559311,1.4067178
2203493732,1.3252165
2203521177,1.6196246
2203559072,0.72450125
2203536923,0.4706882
2203544600,1.1957467
2203537208,0.1738218
2203559431,0.97270036
2203558069,0.2328617
2203543492,1.1854359
2203528382,1.382113
2203490372,2.217795
2203553404,0.9891269
2203556405,1.1612304
2203557773,1.1987839
2203517069,2.5426998
2203558375,0.6703913
2203548832,0.32998618
2203556721,0.55149126
2203555367,0.4252721
2203550740,0.8031473
2203556805,0.8279831
2203558247,1.8873897
2203529373,2.4791498
2203555759,1.3672147
2203552507,2.1735992
2203526249,0.8883083
2203558978,1.0054237
2203485986,1.4624035
2203552678,0.91043985
2203482084,1.0090518
2203557975,0.68798196
2203506122,1.4355543
2203543130,1.892887
2203531125,2.2146583
2203537714,0.97380877
2203512320,2.2142015
2203556876,1.5109656
2203559960,0.5464744
2203558581,0.5332852
2203549503,0.24899378
2203539533,1.7183524
2203504099,1.1391538
2203521163,2.2398057
2203548070,0.9044218
2203547727,1.279577
2203551817,0.90460944
2203456354,1.3728676
2203555568,0.91360486
2203558365,0.75166035
2203548609,1.0577302
2203555205,0.78450185
2203551593,0.94656986
2203523845,1.6649677
2203536828,0.6668836
2203559400,1.4670193
2203552271,1.5476757
2203559030,2.0629387
2203557511,0.8633685
2203559918,0.5423345
2203529052,2.4932818
2203541977,1.6378088
2203548166,1.6540333
2203508498,0.9066518
2203544266,1.3707885
2203559157,0.53502035
2203551846,0.8589946
2203557952,0.28259262
2203537524,-0.17932093
2203526654,1.8233292
2203543743,1.5578023
2203560023,0.48158315
2203524319,0.6997291
2203559440,0.61361027
2203551549,1.8659418
2203553551,0.32034957
2203546287,0.73407894
2203465599,2.0965114
2203509562,1.4108267
2203558894,1.3993944
2203554790,0.53634715
2203557095,0.76835716
2203558970,0.4588993
2203527260,1.8364502
2203555917,0.48150697
2203551251,1.0814976
2203482674,1.2259703
2203557736,0.47092932
2203526057,1.4084258
2203540404,1.9971606
2203536042,0.22177869
2203535595,1.3711343
2203549461,0.12467134
2203559081,1.3376205
2203559837,0.2827434
2203548827,0.54654413
2203530478,2.3952692
2203558285,0.7243514
2203553081,0.9263636
2203518798,0.3400864
2203543552,1.5105777
2203559123,0.80340636
2203555637,0.42821002
2203552948,0.68545413
2203553994,0.31538653
2203539620,0.8703767
2203558606,0.92756104
2203559294,0.75241035
2203534113,0.5589475
2203522648,0.5375466
2203475337,2.1526265
2203546472,0.8053918
2203555627,1.1307805
2203557490,0.32019305
2203557525,0.7265996
2203557478,1.3707901
2203557757,0.9371284
2203559854,0.28029484
2203555924,1.9184433
2203540727,0.7492459
2203529579,1.7380568
2203557314,0.58811224
2203543274,0.6241965
2203542056,1.1395142
2203553234,0.47634247
2203557602,0.64129674
2203543660,1.6497457
2203559022,0.8767942
2203559380,0.45236677
2203556112,0.64963245
2203546486,0.2499803
2203514164,0.67223877
2203556194,0.35882044
2203469907,1.3527436
2203516439,1.3189843
2203559877,0.5271485
2203558587,0.5490175
2203556081,0.11974755
2203539792,1.2697176
2203550991,0.9995236
2203539501,0.17513856
2203525758,0.8211489
2203549053,0.8341642
2203531586,1.5549487
2203535877,1.3676562
2203556979,0.5731109
2203559459,0.63698596
2203542731,1.5494463
2203559406,0.6552781
2203559615,0.48101965
2203559941,0.6503236
2203506697,1.4795992
2203555403,1.3580041
2203524536,0.03661588
2203554563,1.0719938
2203527460,1.2058489
2203559075,0.35043302
2203503541,0.9961307
2203545613,0.5409825
2203527273,1.242079
2203559744,0.7629781
2203558556,1.0888917
2203513202,1.2048812
2203559899,0.51603794
2203559115,0.29546607
2203559211,0.3858733
2203559482,0.29076934
2203523505,0.20296398
2203506216,0.53244543
2203542350,2.1184134
2203559339,0.4408021
2203522439,1.6994592
2203554486,0.95361876
2203556373,1.1569159
2203556760,0.30188954
2203505364,0.9803078
2203524806,0.85743207
2203557581,0.28337958
2203507681,0.36116898
2203551358,1.5396466
2203559367,1.1979706
2203508367,1.849344
2203558431,0.9039831
2203535000,0.855548
2203533207,0.87743825
2203550112,1.4544551
2203543569,1.3746789
2203559865,0.35993615
2203537305,0.536158
2203559643,0.38048777
2203553957,0.32756898
2203548372,0.11974755
2203555713,1.6782514
2203537434,0.7902572
2203509817,0.36506844
2203557320,0.8832915
2203542564,0.502326
2203523823,1.304124
2203547782,1.0736299
2203558893,0.5066364
2203458790,0.6216708
2203527092,1.8982826
2203519871,0.62050045
2203532497,0.8826666
2203511183,1.430695
2203554078,1.2651815
2203554460,1.1507299
2203547835,1.1043911
2203550228,0.7231355
2203538439,0.80046797
2203483712,0.6098396
2203556748,0.021918505
2203526613,1.8050616
2203549194,1.084609
2203528287,1.2912835
2203532110,1.4025621
2203548501,1.7709975
2203549116,1.1722195
2203558575,1.1024624
2203543239,0.74735755
2203523230,0.6225664
2203558050,0.59604126
2203558982,0.41190383
2203551902,0.7106014
2203555570,0.87735736
2203558910,0.71454465
2203558938,1.1028671
2203557198,0.46011358
2203496246,2.4784098
2203523813,1.4281297
2203554046,0.28089094
2203505049,1.570156
2203553237,0.97208077
2203557075,0.6220853
2203556406,0.6525417
2203532048,1.3005912
2203549151,1.0290278
2203545207,1.0455794
2203549069,0.4885502
2203513808,0.5138433
2203469528,1.6689243
2203546408,0.78409904
2203514900,0.37842855
2203541528,0.6450202
2203553753,0.79184854
2203558954,0.28006464
2203559195,0.6385447
2203560058,0.17467278
2203554380,0.6417115
2203554766,1.3888305
2203557374,0.9381095
2203557269,1.0714651
2203544974,0.79929626
2203558993,0.83116543
2203518467,1.1890471
2203557913,0.7431088
2203520201,0.6035295
2203486982,0.06731033
2203557018,0.58177227
2203544231,1.1583462
2203557066,0.14669576
2203552598,0.3543406
2203555081,0.313262
2203555507,1.212169
2203559928,0.28244945
2203557261,0.5468346
2203558679,0.5302031
2203555702,0.71102846
2203538889,1.0842843
2203558383,0.6517655
2203559646,0.6700133
2203558972,0.57296044
2203556144,0.949526
2203555831,1.0066793
2203520970,0.55242145
2203539780,1.3934908
2203550020,0.64024985
2203547057,0.6796385
2203463050,1.1508658
2203555027,0.7685182
2203549402,0.7795088
2203528278,0.9767095
2203535002,0.80859804
2203555445,2.3168063
2203522707,0.9071956
2203559053,1.0951127
2203553655,0.051545173
2203506496,1.5487318
2203555003,1.7706611
2203552342,1.5790596
2203558839,0.5593954
2203541284,0.82084
2203558250,0.64118373
2203559982,0.070189446
2203549888,1.9883338
2203556761,0.4372669
2203550446,0.89266837
2203556496,0.3349274
2203546251,0.15002859
2203524599,2.070244
2203559861,0.5177401
2203525279,1.3949027
2203546181,1.3900474
2203556451,1.1835093
2203556295,0.9140463
2203556473,0.48565727
2203555735,0.15143713
2203534907,1.0561514
2203552513,1.0098786
2203555896,0.7843052
2203529997,0.50877297
2203520119,0.067888856
2203505681,2.3266118
2203497651,1.5017236
2203553229,0.17465904
2203547103,0.6732263
2203531961,0.27591902
2203554645,0.30155358
2203529725,1.757196
2203517277,0.4846086
2203549163,0.328461
2203552325,0.6696731
2203559497,0.29366696
2203539539,0.89040935
2203558594,1.4017355
2203554838,2.9110029
2203548116,0.8783611
2203532052,1.0449467
2203556972,0.55465996
2203535668,0.61493576
2203522931,1.1520518
2203553691,0.688587
2203528626,1.0712967
2203553185,0.07340139
2203475161,1.3240912
2203559714,0.53540224
2203540878,0.3333283
2203524528,0.4630278
2203554344,0.43801862
2203535014,-0.05071944
2203538928,0.20998123
2203557932,0.9790533
2203553715,1.5337447
2203554328,0.08328521
2203557195,1.0339756
2203505378,0.63228285
2203556513,0.13442683
2203512702,0.57809794
2203553378,0.3549026
2203506655,0.34757838
2203558125,1.3594453
2203520326,0.8318362
2203548273,1.0128126
2203513363,0.7607518
2203559959,0.3945923
2203557996,0.8143622
2203548888,1.2920647
2203553977,0.61968064
2203558094,0.36632046
2203558353,0.58320737
2203559601,0.94399357
2203520977,0.634725
2203554293,0.37209332
2203486542,0.7181742
2203541308,0.56206465
2203554130,1.0243189
2203531237,2.2592711
2203552621,1.1194181
2203559914,1.1674426
2203540103,0.34083784
2203527261,1.3764749
2203514679,2.3012476
2203521500,0.596244
2203499629,1.1379786
2203556821,0.5832424
2203549201,1.593708
2203547263,0.3706206
2203557553,0.55000573
2203547620,0.51092654
2203553168,0.8793255
2203559943,0.34799165
2203557843,0.42410403
2203557273,1.0325902
2203550609,1.4762475
2203532941,0.61975026
2203511306,0.28729725
2203550145,0.72813123
2203552819,0.33180857
2203553811,0.24099088
2203559471,0.51898354
2203558829,0.44920972
2203540681,0.9316777
2203556912,0.13355687
2203556778,0.15337992
2203538907,1.065325
2203511955,1.3106449
2203530633,1.0102928
2203550674,1.2504275
2203553681,0.304052
2203538266,0.12484059
2203509354,0.39583787
2203556135,0.3676668
2203487614,1.1682892
2203547414,0.3936435
2203512219,0.3096804
2203557407,0.6740365
2203519997,0.7925124
2203559988,0.15476173
2203550355,0.39946154
2203557489,0.32019305
2203537466,0.52187645
2203534778,0.4998244
2203515624,1.9852793
2203495418,0.37645316
2203555310,1.0674486
2203542952,0.28409654
2203548163,0.698634
2203553680,0.53709716
2203541989,0.5062258
2203482013,0.8173971
2203550200,0.23324835
2203491945,1.2033908
2203551819,0.20968577
2203477830,0.50449944
2203555199,0.21061349
2203542016,1.2751175
2203547049,-0.05667627
2203552388,0.7992295
2203547021,0.31839138
2203558690,1.2208445
2203519656,0.8553179
2203559989,0.6079533
2203559218,0.339696
2203531179,0.14021814
2203555578,0.50603664
2203547544,1.1180001
2203550694,0.3248886
2203516170,0.90570533
2203547546,0.45876086
2203510095,0.35478446
2203544019,1.7189901
2203549605,0.26063174
2203526934,-0.02650839
2203545494,0.3159793
2203556676,-0.1610983
2203559489,0.45118573
2203555756,0.33533925
2203529559,1.8152686
2203549174,1.0688285
2203557708,0.7086914
2203558678,0.69168836
2203549940,0.57805145
2203538564,0.3094739
2203558976,0.21675155
2203533429,0.5289571
2203559937,0.12573469
2203554868,0.14540038
2203555231,0.48776597
2203552883,0.8059175
2203548661,0.3140368
2203549689,0.19944322
2203522447,0.34658825
2203532036,0.12998459
2203489112,0.10060689
2203545639,0.23060039
2203536003,1.7644917
2203544653,1.3285179
2203545872,0.6148112
2203555687,1.0234203
2203550837,0.27451536
2203555449,1.3679627
2203558890,0.3447016
2203512949,1.2399107
2203540785,1.5058243
2203543835,0.06659916
2203539017,0.40021506
2203556322,0.3323151
2203554635,0.774095
2203499854,0.23172626
2203557986,1.3544705
2203556134,0.72885376
2203496895,0.26968014
2203558841,1.3601923
2203517183,1.2587328
2203555977,0.13822758
2203554326,0.52769727
2203549880,0.68016595
2203559430,0.8645654
2203557942,1.1582351
2203548313,0.40964392
2203542584,0.7605896
2203554438,0.6191814
2203557352,0.67398024
2203558782,0.8222872
2203559496,0.40158033
2203559490,0.8255398
2203518480,0.4786988
2203558113,0.25269508
2203558603,0.068939984
2203552252,-0.045161724
2203559284,0.39676112
2203535953,0.53540224
2203557499,0.19653246
2203509078,1.278686
2203553855,0.34786385
2203560024,0.065464765
2203528576,0.67826575
2203559183,0.251254
2203558784,0.08154032
2203555173,-0.33389843
2203556957,2.7613597
2203559249,0.24181083
2203513046,0.7427171
2203548828,0.70628655
2203558340,1.1220741
2203532960,1.1959654
2203526979,0.43639216
2203559929,0.12447241
2203556516,0.3000191
2203543330,0.57453704
2203559955,0.39755228
2203540313,0.4782261
2203553308,0.67427546
2203558768,0.5534459
2203544770,0.5322734
2203530566,0.5552846
2203559325,0.27474496
2203529112,0.7979549
2203559994,0.45023495
2203542232,1.0142951
2203464630,0.28655797
2203558215,0.55007917
2203506119,1.3188945
2203525682,0.8234744
2203521159,0.16964716
2203475785,1.5176402
2203552319,1.751077
2203559645,0.18912712
2203473183,1.2093326
2203559045,0.47867233
2203479622,0.75287837
2203557162,0.4941594
2203482114,1.2074897
2203559703,1.1262327
2203557497,0.54720527
2203498524,0.27956843
2203555497,1.9608126
2203557923,0.47985014
2203504202,0.76611066
2203539329,0.5496356
2203559935,0.10614118
2203555200,0.4822906
2203554271,0.69850534
2203537632,0.37647948
2203537586,0.1833961
2203548848,0.82058614
2203554428,0.60515296
2203548725,1.3050461
2203559444,0.5890953
2203559175,0.11422086
2203508371,0.6677797
2203559669,0.44849628
2203478670,0.77597713
2203526260,0.80460393
2203554896,0.91396123
2203556096,0.36426127
2203553829,0.9420442
2203525993,0.27880168
2203557605,0.568099
2203559067,0.7009561
2203555365,0.52680206
2203508717,0.06659916
2203555975,-0.07252467
2203558772,0.18204638
2203559895,0.30016854
2203559008,0.33441266
2203557802,0.24771944
2203559315,0.3267664
2203556515,1.4383038
2203554744,1.9507738
2203555016,0.3445168
2203559415,0.38458645
2203554556,0.18594539
2203538005,0.31402606
2203551368,0.75729656
2203528403,0.2654422
2203547046,-0.0027330518
2203535039,0.7132443
2203539333,0.3651212
2203557671,0.5162682
2203559773,0.5917177
2203454651,0.6200246
2203542059,1.1824441
2203542728,1.5897602
2203554662,0.51243174
2203547922,0.2745611
2203525290,0.7046464
2203545328,1.5205075
2203554549,0.6173432
2203556052,0.35947937
2203557535,0.608364
2203555049,0.18058255
2203551731,0.5216731
2203556347,0.46567932
2203559419,0.41277945
2203556172,0.3735495
2203559848,0.060762882
2203544329,0.062142372
2203545558,0.62022406
2203559986,0.6218692
2203511015,0.2273083
2203559254,0.32679993
2203527284,0.3835129
2203526383,0.8055688
2203555834,0.0988684
2203553765,0.8270972
2203549762,0.20571953
2203559122,1.0157764
2203527789,0.3768641
2203557675,0.57725686
2203559352,0.22129929
2203550384,1.0121567
2203522917,1.3128304
2203546400,0.41284013
2203548825,0.40720403
2203517343,0.09481591
2203547254,0.75374347
2203546728,0.3843962
2203513103,0.9040706
2203516496,1.5618013
2203552740,0.21409532
2203524515,1.123008
2203518288,0.3657324
2203524540,0.31215033
2203557507,0.40890038
2203559245,0.68170506
2203535511,0.30846864
2203551338,0.1913692
2203554677,0.42435318
2203488009,2.4426851
2203458559,1.8863103
2203549842,-0.0061546564
2203558413,0.68017524
2203552843,0.5088427
2203498842,0.26839304
2203553998,0.15797007
2203558152,0.27327347
2203472261,0.7445059
2203559622,0.25493193
2203555978,0.2081762
2203526995,1.5659447
2203558966,0.31110695
2203555493,0.47789103
2203504931,0.29388618
2203542382,0.8489751
2203557505,0.13576081
2203557806,0.8426522
2203559170,0.27563995
2203511884,0.17848182
2203537277,0.4439838
2203554091,0.60086364
2203559488,0.4178177
2203559438,0.060311526
2203504248,0.7746458
2203558516,0.18017733
2203546550,0.45232555
2203527135,0.19715658
2203516776,1.8918408
2203558625,0.22947294
2203531749,0.72646487
2203502245,0.20031118
2203554566,0.41634905
2203559450,0.4131767
2203558759,0.9751357
2203554577,0.14915156
2203501643,0.9204129
2203556571,0.27789223
2203545621,2.623792
2203537860,1.0474256
2203553242,0.36387616
2203504615,0.68053174
2203534781,0.7464045
2203552998,0.39179844
2203552955,0.37085554
2203524680,0.4074412
2203543579,0.39159304
2203458546,-0.021998048
2203556140,0.24295771
2203541248,0.28732935
2203520600,1.0068498
2203509713,1.4686059
2203520539,0.7026394
2203547977,0.14662567
2203554742,0.39602563
2203523016,0.04338169
2203530797,0.8471738
2203534322,1.3263886
2203512491,0.34874052
2203527946,0.6260119
2203543537,0.6304267
2203542194,1.6387392
2203557619,0.9899752
2203552142,0.09460363
2203546405,0.24279514
2203556403,0.31402946
2203507195,0.665546
2203506275,0.7277829
2203559099,0.6517372
2203531553,0.2212148
2203528912,0.30544865
2203536852,0.6682195
2203532877,0.17166358
2203550069,0.433221
2203484767,0.16914997
2203555314,1.2405396
2203552663,0.70896524
2203545968,0.08325583
2203552432,0.23182973
2203558920,0.2513839
2203551380,-0.1545862
2203558447,0.537326
2203542614,0.42296726
2203557689,0.22856677
2203525027,0.27918226
2203559677,0.33399248
2203534160,0.45413744
2203551658,0.4181701
2203480969,0.43043497
2203558498,0.45157093
2203559624,0.26617748
2203555728,0.44944283
2203551828,0.95436335
2203549390,0.072892696
2203544021,0.4710233
2203549302,0.6975297
2203533690,1.4062765
2203551917,0.18552557
2203552911,0.73239064
2203553972,0.07647058
2203546681,0.8119165
2203547634,0.4751651
2203528921,0.24984187
2203528582,0.51238763
2203504257,1.0538836
2203558531,0.045811653
2203553336,0.8540343
2203550071,0.32895875
2203558349,0.8204669
2203546160,0.11068249
2203524010,0.48660922
2203557688,0.7101959
2203559033,0.90551865
2203541143,0.15225205
2203545924,1.2161555
2203555757,1.0384051
2203536161,0.7272301
2203528436,0.73389626
2203531707,0.10859883
2203559394,0.39661902
2203521896,1.0769312
2203559609,0.7961673
2203500104,0.5361432
2203556253,0.3100502
2203541885,0.56576073
2203556117,0.79918814
2203556799,0.13978782
2203499027,0.4852104
2203558758,1.0399225
2203549683,0.2686062
2203559275,0.31308812
2203548286,0.2121112
2203558969,0.42284456
2203546961,-0.22005314
2203552421,0.34041968
2203527685,0.033222675
2203557069,1.2203228
2203557115,0.42476127
2203544027,0.70127267
2203518019,0.5575647
2203560004,0.05938244
2203558241,0.25994155
2203543339,1.2449671
2203485725,0.5513399
2203552994,0.51571804
2203524157,0.41707924
2203559638,0.18856806
2203552943,0.5219598
2203555685,0.7860039
2203557098,0.24712169
2203554463,0.6602815
2203555014,1.1204469
2203532725,0.70350343
2203559243,0.85466623
2203545616,0.4930873
2203551830,0.4387768
2203552181,0.5607218
2203504372,0.7814232
2203540783,0.007679522
2203528232,0.5218043
2203487352,0.6344458
2203528828,0.40247017
2203544755,0.50907755
2203523556,1.1516558
2203510171,0.33867085
2203557733,0.2601263
2203547043,-0.05448258
2203543628,0.30911025
2203559383,0.11077881
2203557910,1.0201068
2203536681,0.770274
2203544146,0.55881697
2203554502,0.5798672
2203555064,-0.13355845
2203556737,0.64003074
2203557710,1.0038731
2203547050,-0.259449
2203531475,0.18955594
2203558783,0.9795214
2203557165,0.20777765
2203556639,1.2595434
2203557236,0.2541417
2203559766,0.20185122
2203531720,0.27717018
2203468015,0.1102573
2203559481,0.3430909
2203452010,0.70005584
2203555830,0.22345856
2203537276,0.49258143
2203559516,0.16726825
2203528164,0.1921852
2203535982,0.39120546
2203545031,1.8476927
2203536410,0.60315
2203552639,0.5557213
2203558345,0.47130197
2203560025,0.23314059
2203559312,0.56158626
2203555229,0.17517602
2203550026,0.17073646
2203527950,0.27684772
2203556642,0.2961819
2203474123,0.45487818
2203543629,1.5660161
2203555639,0.46390975
2203556762,0.05021587
2203546409,0.5465031
2203553735,0.45548707
2203526198,1.2118597
2203559948,0.86169606
2203555916,0.32449245
2203518520,0.18627521
2203493222,0.27664945
2203525125,0.68910503
2203541897,0.7438478
2203512278,1.2225457
2203535554,0.6347325
2203556077,0.2529869
2203556207,0.26029772
2203530803,0.89961684
2203529785,1.6538477
2203553042,0.15384486
2203552257,0.29745454
2203547116,0.85148287
2203502462,0.083233565
2203552790,1.3346486
2203534469,0.08023873
2203522142,0.9353199
2203528411,0.855183
2203556795,0.24450475
2203558913,0.4792628
2203549667,0.28169882
2203556635,0.4544344
2203549659,0.24605495
2203547644,0.6598827
2203556720,1.0148351
2203540946,0.8751291
2203541067,0.6643929
2203553578,0.14551586
2203505553,1.0116336
2203550716,0.17966038
2203556161,0.3702674
2203543626,0.24807912
2203513605,0.9423289
2203558248,0.23862427
2203553277,1.3147948
2203552642,0.4784425
2203554032,0.29004377
2203490579,0.44970334
2203554477,1.6519296
2203553515,0.7905959
2203532214,0.7164812
2203552814,0.5277898
2203534136,1.0239776
2203557696,0.19119748
2203554433,0.48505312
2203555693,-0.04967642
2203461942,0.4082283
2203532677,0.8445081
2203530420,0.2152569
2203532227,1.3292992
2203549998,0.17884001
2203486508,1.0795481
2203557703,0.19119748
2203558347,0.094272494
2203539661,1.2165405
2203557450,0.30518365
2203553516,0.42212975
2203510468,0.5225352
2203553533,0.17742878
2203541475,0.24461901
2203513469,0.26663318
2203559120,0.783967
2203558409,0.32514483
2203559273,0.89644706
2203556281,0.124276906
2203559116,0.7821957
2203557044,0.368873
2203494515,0.47338963
2203559057,0.091254145
2203534601,0.2795383
2203541463,0.25317678
2203558071,1.1413326
2203537976,0.5717547
2203557247,0.1645428
2203555549,0.9514079
2203559163,-0.045653403
2203534306,0.28244957
2203511479,0.37896398
2203558756,0.42834812
2203555720,1.6139042
2203559947,-0.034602046
2203524523,1.2225457
2203528024,0.22129744
2203528844,0.4887384
2203521672,0.18011916
2203556643,1.1613758
2203542635,0.53540224
2203558519,0.23044914
2203518537,0.0417414
2203557289,0.5316193
2203520263,1.646471
2203549986,0.23618099
2203540992,0.3153127
2203556982,0.1130065
2203500218,0.9257375
2203553953,0.558505
2203471877,0.28429967
2203498672,0.6806331
2203559991,0.25263113
2203556774,1.0936437
2203511141,0.08017707
2203543344,0.74506354
2203559359,0.34111914
2203559303,0.30021408
2203536279,0.5139051
2203543362,0.9220631
2203553922,0.59229237
2203520398,-0.007976055
2203548036,0.26228297
2203541816,1.8660849
2203554571,0.38247183
2203473751,0.42709628
2203546684,0.2355797
2203534856,0.9549594
2203557658,0.87862265
2203508952,0.85911274
2203512796,0.1093595
2203554863,0.42686722
2203553233,0.35657895
2203511143,0.5661097
2203508922,0.6183225
2203559583,0.5520229
2203554610,0.3882785
2203542053,1.0181539
2203514263,0.35823756
2203551631,0.3923543
2203552574,0.46168393
2203521099,0.41188717
2203545218,0.41037962
2203539685,1.1773369
2203553673,0.53540224
2203494130,0.11492151
2203554679,0.9502585
2203545452,0.37468964
2203559479,-0.08239108
2203509969,0.7489044
2203558530,0.54501724
2203559001,0.58034223
2203556590,0.58253294
2203557003,0.44848317
2203519756,0.5563103
2203559291,0.20282453
2203557466,0.4912413
2203551550,0.13822758
2203491918,0.6079118
2203557542,0.59143806
2203512875,1.202259
2203552645,0.20048317
2203558694,0.24716383
2203524794,0.062058568
2203549695,0.5713685
2203554589,0.38912696
2203548975,0.4371604
2203557445,0.21079496
2203558545,0.18477935
2203558171,0.60523427
2203523114,0.40759602
2203553651,2.1001449
2203520312,0.82792956
2203558462,0.4694001
2203550024,0.18852326
2203560003,0.0982233
2203540059,0.21497962
2203540155,0.19143492
2203552287,0.5203544
2203558578,0.19085816
2203553039,0.36812824
2203517265,0.7192515
2203559916,0.22211275
2203554663,0.6274197
2203532701,0.8654851
2203559484,0.34784865
2203555165,0.013392568
2203559863,0.32565954
2203543568,0.44446743
2203537868,1.0180701
2203555695,0.36331227
2203555083,0.25524348
2203554175,0.682658
2203532632,0.4216421
2203502281,0.32200277
2203554586,0.39665005
2203504092,0.22583094
2203559568,0.8057512
2203544528,0.4102314
2203528260,-0.03647995
2203557559,0.058534414
2203553547,0.11323461
2203531345,0.85656714
2203547585,0.37754306
2203534391,0.9821286
2203559961,0.2887631
2203554252,0.2404503
2203546370,0.5349069
2203557634,0.3407163
2203536811,1.4776366
2203514442,0.30304682
2203546191,0.16357687
2203557807,0.12544438
2203521749,0.631047
2203472822,0.029078215
2203546690,0.23218286
2203531890,0.4872486
2203525487,0.47181737
2203495851,0.11229831
2203555017,0.16380179
2203557284,1.3084133
2203535800,0.40665415
2203557548,0.28527558
2203556181,0.5575146
2203558009,0.39465126
2203559872,0.2858358
2203527900,0.54958
2203549720,0.25012684
2203559621,0.28977162
2203535746,0.35402542
2203559770,0.123214215
2203504007,1.3161612
2203512333,0.22478014
2203545402,0.76428175
2203555915,0.030040294
2203553376,0.29128176
2203553053,0.54485244
2203558958,0.46420518
2203558948,0.6531678
2203556814,0.32289022
2203555746,0.39954102
2203550245,0.20507309
2203548540,0.44019812
2203559521,0.031855285
2203555872,0.30239105
2203557914,0.17135984
2203559629,0.12745562
2203553486,0.26083422
2203551903,0.64222324
2203518119,0.5576456
2203546304,0.7437013
2203558908,0.5407925
2203555384,0.77271754
2203548093,0.1320751
2203544794,0.7153194
2203557693,0.11162922
2203541864,0.0017937422
2203524269,0.28612173
2203544840,0.5526838
2203537419,0.010074019
2203551484,0.3608057
2203546297,0.4178763
2203529454,0.66261166
2203555206,0.31748533
2203488494,0.52470917
2203446654,0.5989126
2203514688,0.33489203
2203527596,0.4846627
2203532589,1.033005
2203559049,0.33308423
2203541728,0.5386776
2203529124,0.32060406
2203546360,0.4262382
2203488190,0.69030154
2203554359,0.5505749
2203471831,0.33533043
2203555879,1.1587639
2203556869,0.20931089
2203557789,0.6319169
2203517446,0.14245665
2203511130,0.39698803
2203553224,0.008275896
2203558194,1.1425626
2203503511,0.22952884
2203558197,0.63310736
2203554619,0.5252222
2203545978,0.2276825
2203532758,0.07918593
2203551284,0.44657746
2203558163,0.1874904
2203555284,0.23904595
2203559376,0.42442697
2203504054,0.36122894
2203557700,0.31625882
2203554876,0.31997186
2203485708,1.0762131
2203556793,0.2470468
2203545118,0.68034875
2203542204,-0.1587351
2203528762,0.16972572
2203559130,0.008584142
2203537926,0.9154701
2203522157,-0.043518066
2203553927,0.48574093
2203542230,0.4071737
2203550149,0.24722499
2203555887,1.3083502
2203536002,0.2263687
2203556212,0.010575265
2203508414,0.2948817
2203558002,0.3251644
2203556475,0.4028599
2203539407,0.23036686
2203526311,0.35402542
2203559215,0.3383702
2203550696,1.244415
2203559637,0.24040416
2203508671,0.017854273
2203557521,0.2673012
2203557941,0.46310973
2203559108,0.5162308
2203550697,0.062058568
2203557926,0.3944178
2203531077,0.33410496
2203556954,0.43394205
2203553403,0.3634348
2203550039,0.63900316
2203553501,0.33494902
2203558797,0.2484056
2203539545,0.25140363
2203556209,0.3212628
2203549214,0.18808049
2203510985,-0.045161724
2203510420,0.62037325
2203557503,0.011906296
2203509241,0.2414718
2203535577,0.1942851
2203558822,0.39067227
2203552122,0.18113703
2203522527,0.19902101
2203552033,0.18585634
2203502147,1.2077582
2203557485,0.31343526
2203553652,0.26811618
2203530812,0.2524364
2203558158,0.2314131
2203553051,0.1311245
2203553745,0.012699693
2203553082,0.374964
2203553157,0.26211017
2203544525,0.70816106
2203514897,0.5294149
2203492214,0.43986785
2203555966,0.1876038
2203552071,0.29238105
2203550947,0.2599904
2203559052,0.08936241
2203549564,0.08942431
2203539261,0.577207
2203553496,0.2273122
2203547914,0.76290685
2203550607,0.51314193
2203558921,0.19073686
2203559058,0.7071341
2203554730,0.4467104
2203520283,0.6072587
2203553008,0.2287443
2203558583,0.28864112
2203556460,0.24535513
2203546722,0.7725353
2203558863,0.6380233
2203559735,0.5605219
2203559282,0.45448428
2203556248,1.0198524
2203550514,0.24284032
2203512785,0.17688626
2203488788,-0.16513473
2203547220,0.22637779
2203526719,0.12749982
2203535904,0.71055067
2203531673,0.14773601
2203553117,1.1074134
2203548846,0.11492768
2203494347,0.30669618
2203552115,-0.048255384
2203547818,0.27546847
2203556458,0.599411
2203557644,1.0679543
2203538940,0.33831427
2203506256,0.1574603
2203539283,0.39310187
2203468811,0.17072386
2203558244,0.48640254
2203514710,0.72883886
2203554994,0.5524131
2203559579,0.15564969
2203461701,0.72865176
2203559261,0.17749438
2203477767,0.47089773
2203534554,0.12644076
2203559480,0.36381912
2203559707,0.52079356
2203551280,0.17288473
2203499948,0.15957794
2203547154,0.71338725
2203539331,0.26000726
2203537453,0.64859045
2203539260,0.27815637
2203559529,0.1994054
2203550762,0.53834665
2203507066,1.4303577
2203497401,0.011933118
2203471960,0.17841488
2203550661,0.4645005
2203543397,-0.024793744
2203555748,0.3121931
2203537560,0.30627513
2203558370,-0.31658953
2203550452,0.5320851
2203559437,0.14177424
2203555207,0.10668844
2203505614,0.7027697
2203559793,0.20763853
2203558240,0.2755999
2203554588,0.4189974
2203559150,0.2819877
2203551203,0.12942657
2203503681,0.29085803
2203530810,0.15982416
2203559587,0.28637776
2203543148,0.39829567
2203555921,0.043982536
2203559317,0.16463378
2203559451,0.09664363
2203553955,0.21956414
2203555714,1.0843993
2203479793,0.262438
2203547798,0.30025065
2203517561,0.8049147
2203498541,0.29379004
2203508829,0.2385861
2203556693,0.67217314
2203557153,0.5950622
2203507963,0.26250827
2203548348,0.31604582
2203552494,0.2798971
2203540058,0.18985555
2203556220,0.35428387
2203514800,0.37608132
2203550707,0.34664977
2203559114,0.7797946
2203515628,0.36880165
2203554214,0.7102643
2203532912,0.2823029
2203552976,0.20948079
2203538018,0.06781036
2203543845,0.45322096
2203558505,0.07352862
2203530440,-0.048068583
2203559324,0.31510916
2203528222,0.18729228
2203553756,0.10557032
2203559330,0.06108582
2203557743,0.14886296
2203512132,0.11684528
2203559219,0.16112673
2203553420,0.27986124
2203550244,0.11556664
2203477907,0.14171326
2203553948,0.26028442
2203557654,0.47904828
2203519874,0.17966926
2203532280,0.0919109
2203554804,0.51381975
2203559623,0.3462878
2203495534,0.9115238
2203558449,0.38036844
2203555208,0.2008285
2203551411,0.26310343
2203557997,0.52067804
2203557746,0.31625882
2203534635,0.35954088
2203543766,-0.2058531
2203543112,0.14836183
2203544398,0.26876137
2203557698,0.19195056
2203558830,0.6008056
2203490553,0.47711092
2203555191,0.34538287
2203547989,0.06639671
2203555161,0.4263228
2203559476,0.14870211
2203510853,0.8981223
2203536034,0.7580167
2203559046,0.6130496
2203556812,0.24221334
2203550521,0.002180785
2203511442,1.1396973
2203531709,0.7586074
2203557369,0.23706186
2203542019,0.9369726
2203533618,0.26436925
2203542148,0.7138755
2203555525,0.53072155
2203508705,0.8109698
2203558748,0.15885866
2203556865,0.36641026
2203529167,1.0325341
2203550511,0.26355058
2203499645,0.57940745
2203558329,0.23138765
2203558394,0.2034832
2203554914,0.20363444
2203548402,0.28998613
2203558436,0.114358455
2203533536,0.17254326
2203557097,0.35285693
2203531867,0.40946895
2203513361,1.3816969
2203558952,0.21154311
2203551627,0.6179766
2203528767,0.89567184
2203556447,0.29196733
2203558127,0.8934631
2203539633,0.36903936
2203554564,0.2147136
2203538263,0.21902382
2203557015,0.22570872
2203541445,0.985971
2203558931,0.3526919
2203555853,0.22854808
2203545838,0.52911955
2203539081,0.33397472
2203543083,0.13500544
2203559138,0.32081145
2203555195,-0.09607041
2203543077,1.1255829
2203559283,0.70885843
2203535019,-0.024881124
2203557184,0.88116693
2203559420,0.5355242
2203512884,0.24818331
2203559153,0.2155639
2203513718,0.30457902
2203549663,0.05700445
2203525742,0.41395053
2203542556,0.15046242
2203529792,0.101813376
2203550278,0.3388918
2203540716,0.22735178
2203553507,0.3541708
2203557726,0.69981015
2203502100,0.061374426
2203545455,0.42560586
2203545702,1.0616809
2203555475,0.49911132
2203545461,-0.009834707
2203557222,0.90799046
2203555553,0.06911415
2203514011,0.34356257
2203552599,0.097399235
2203547176,0.2223748
2203510992,0.19389665
2203549567,0.17205185
2203527806,0.2061848
2203528994,0.40862367
2203491508,0.23935407
2203547795,0.17871302
2203547768,0.24067745
2203554992,0.37048885
2203503152,0.25783178
2203553220,0.38602638
2203559957,0.47333974
2203558854,0.35930145
2203555624,0.31140596
2203545362,0.7153927
2203535655,0.26910526
2203559435,0.23937574
2203504560,1.2132328
2203558860,0.33958003
2203554459,0.645597
2203548451,1.3187903
2203494542,0.5077896
2203522702,0.41963363
2203559852,0.3402148
2203546687,0.23936573
2203487021,0.28824848
2203502349,0.07485041
2203551997,0.18155867
2203552443,0.56855106
2203508139,0.1582874
2203555009,0.84330934
2203545399,0.67459625
2203511711,1.6433128
2203551808,0.09589499
2203553259,0.24169725
2203552888,0.5682266
2203554288,-0.29569626
2203554097,0.20182562
2203547487,0.50899565
2203547101,0.099806756
2203496829,0.32660782
2203558189,0.76000327
2203539362,0.16592193
2203533447,0.04074177
2203556649,0.49426368
2203506063,0.39050013
2203546339,-0.12177658
2203506387,0.22753868
2203526628,0.19658867
2203500568,0.34301913
2203546402,-0.07178539
2203548952,-0.065157115
2203524565,0.61991984
2203557705,0.3407163
2203547868,0.15095472
2203528531,0.4660378
2203553683,0.10520458
2203503762,1.9447582
2203559732,0.07684466
2203556170,1.0548842
2203511820,1.1149311
2203557439,0.23909059
2203504561,0.22292006
2203524256,0.21185035
2203532105,0.35206652
2203555157,0.35371953
2203536797,0.27871352
2203533902,0.09909573
2203550922,0.33605474
2203557147,0.09590745
2203531541,0.43377587
2203507100,-0.12300038
2203558823,0.4958322
2203558764,0.21960604
2203523041,0.6078438
2203495898,0.6780664
2203479422,0.6480278
2203532700,0.9926884
2203545474,0.31561062
2203556786,0.5723617
2203524749,0.29030114
2203554698,0.19482934
2203554552,0.64773285
2203538334,0.6503902
2203473278,0.95202935
2203557750,0.27666882
2203553287,0.81646574
2203531170,0.21902478
2203494279,1.9560248
2203539112,0.13730004
2203504682,0.4049012
2203558326,0.44353378
2203510874,0.21011278
2203558205,0.12114489
2203551855,0.19957444
2203510349,0.39274412
2203515132,0.8591727
2203547394,0.72954404
2203557206,0.23844895
2203506009,1.0019706
2203546721,0.4555911
2203487565,0.42555645
2203558096,0.32866007
2203556371,0.37933776
2203539395,0.38484967
2203559958,0.22709483
2203553989,-0.16351116
2203557356,0.39145792
2203513256,0.5030866
2203546807,1.0242277
2203554127,0.22419402
2203540830,0.43301755
2203540118,0.14142737
2203558608,0.2196568
2203559559,0.17625421
2203494379,0.19621903
2203501111,0.8243321
2203559233,0.7479127
2203552113,0.6647409
2203498025,0.6137592
2203542585,0.23095572
2203538982,0.2053467
2203556662,0.23581743
2203557759,0.4165927
2203507835,0.38766944
2203556063,0.32189927
2203547866,0.28142196
2203558706,0.1930176
2203476772,0.7131601
2203552384,0.5194178
2203542068,0.66497326
2203554839,0.18466237
2203552225,0.051262856
2203535950,0.5732074
2203556806,0.17639038
2203531108,0.57913953
2203556813,0.24804923
2203554646,0.27741194
2203539361,0.20750827
2203555751,0.33895224
2203494323,1.1126707
2203533999,0.89567375
2203559470,0.12820557
2203545212,0.080872774
2203558350,0.25720847
2203529198,0.8603253
2203556508,0.17772439
2203550413,0.1379331
2203532279,0.06664154
2203555044,0.23599136
2203556265,0.2478858
2203506193,0.07874575
2203543146,0.23550802
2203540048,0.30787915
2203557613,0.17891803
2203530995,0.6812219
2203547125,0.43670833
2203528458,0.56267184
2203557169,0.44505626
2203532599,1.0279133
2203544570,0.008916199
2203552646,0.27839223
2203547907,0.16518456
2203532709,0.43960086
2203547146,1.0696365
2203557643,0.3531679
2203519533,0.57384497
2203541570,0.18542528
2203529214,0.6237828
2203490160,0.43223304
2203509084,1.124074
2203508355,0.26256135
2203539418,-0.032176852
2203550015,0.092014164
2203536245,0.39455056
2203557691,0.027695984
2203547562,0.615969
2203541307,0.35711718
2203558986,0.83299136
2203465939,0.10251057
2203559946,0.28643304
2203558061,0.21787944
2203548915,0.04812768
2203556578,-0.05723214
2203556711,0.28173792
2203544207,0.11969423
2203539895,0.050075024
2203542057,1.013119
2203556092,-0.059194863
2203482184,0.72045386
2203540591,0.49256182
2203556586,0.51027787
2203540571,0.19345555
2203558022,0.062251627
2203500862,0.5492345
2203555171,0.46433732
2203552357,0.42624015
2203539218,-0.17336392
2203544804,0.3311992
2203552549,0.27046287
2203535934,0.39879718
2203469170,0.108213484
2203511790,0.61991984
2203559393,-0.0074623823
2203549595,-0.039583206
2203547257,0.45535937
2203558392,0.22369966
2203557554,0.058534414
2203499742,1.3456173
2203514995,0.2427119
2203501100,-0.085745215
2203556275,1.0824592
2203556171,0.70729774
2203435680,0.22973487
2203519459,0.29675442
2203540579,0.32417727
2203539199,0.1852887
2203558000,-0.093485355
2203532904,0.26275742
2203541347,0.13306752
2203548089,0.6204451
2203555736,0.06853455
2203558792,0.36940995
2203556597,0.28274894
2203541096,1.3297472
2203559232,0.04717207
2203529341,0.4641965
2203555335,0.34091383
2203545009,0.032848835
2203557372,0.48750013
2203469099,0.41607583
2203473670,0.26718092
2203558760,0.327572
2203558585,0.80265343
2203558880,0.22686476
2203553525,0.16459867
2203512525,0.4463188
2203555996,0.21497223
2203527675,0.18005663
2203546038,0.4245745
2203510860,0.15745133
2203557336,0.14863667
2203556783,0.23601943
2203559076,0.24101672
2203550398,0.16416329
2203557890,0.33082864
2203557120,0.20907515
2203518535,0.102912635
2203552316,0.8232981
2203558827,0.24030888
2203558906,0.70632553
2203467638,0.086129904
2203526815,0.5124882
2203559561,0.0605371
2203539649,0.3077403
2203521323,0.063566804
2203559290,0.52231985
2203541322,0.20948079
2203479886,-0.28079897
2203504758,0.35470825
2203557329,0.5912199
2203556768,0.5944732
2203532844,0.48889333
2203556501,-0.04880601
2203557961,0.22786811
2203547400,0.13371336
2203485376,0.11148843
2203558116,0.5142339
2203506716,0.4082283
2203548776,0.40308297
2203554212,-0.06257182
2203540511,0.09297481
2203552029,0.20984808
2203553862,0.0010569096
2203512145,0.85204697
2203558126,0.1371446
2203555689,0.16282263
2203486456,0.41555014
2203553568,0.23395792
2203553870,0.0762521
2203533978,0.49536952
2203504703,0.32657266
2203552176,0.0059076548
2203558891,0.28212094
2203534437,0.4814629
2203558479,0.222372
2203559023,0.053431302
2203543316,0.26277363
2203539198,0.26385084
2203555048,0.5313608
2203559131,0.7003949
2203557245,0.10142794
2203555707,0.106154054
2203546183,0.6115503
2203557240,0.10918859
2203553626,0.32050893
2203524894,0.17435437
2203533345,-0.118000925
2203501364,0.5885023
2203524728,0.2983616
2203555692,0.15184313
2203509733,0.89289784
2203545081,0.24674937
2203557180,0.74881804
2203557600,0.40803394
2203550701,0.57881534
2203558086,0.34551004
2203557580,0.30041224
2203554684,0.28881952
2203555237,0.39211154
2203546397,0.067552894
2203557939,0.73014545
2203553060,0.061849743
2203545509,0.56116915
2203556861,0.40178955
2203503088,0.9952636
2203528030,0.3914974
2203558334,0.29888898
2203474788,0.18691322
2203559843,0.024879128
2203558199,0.33741352
2203524458,1.0151302
2203480055,0.2816342
2203495881,0.5046309
2203547155,0.23110074
2203541593,0.23261195
2203512356,0.020829141
2203521228,-0.00088608265
2203556302,0.34718817
2203547906,0.18508893
2203510152,0.56755656
2203546040,0.24242562
2203559264,0.114216685
2203554935,0.049167305
2203523175,0.18168068
2203524228,0.08489978
2203508024,0.5749301
2203409429,0.16885409
2203539236,0.46798256
2203513550,0.2154189
2203556950,0.5992469
2203519557,0.48853186
2203559034,0.12866762
2203515545,0.20745578
2203514186,0.2547564
2203554614,0.19691274
2203550897,0.49841255
2203527656,0.27970704
2203559594,0.21429622
2203525883,0.35288027
2203554805,0.17998642
2203550962,0.679859
2203541662,0.729757
2203554747,0.32296938
2203551274,0.27879274
2203525966,0.850567
2203554592,0.47782248
2203534386,0.054082125
2203550168,0.9788559
2203556764,0.4274363
2203518813,0.30100715
2203503365,0.6169565
2203541226,0.82850134
2203540774,1.2308054
2203539981,0.49927193
2203556531,0.31646007
2203477879,0.3743804
2203544969,0.20094979
2203558309,0.33047998
2203555903,0.57330817
2203528056,0.34434277
2203558999,0.24591276
2203549901,0.5301002
2203502300,1.062133
2203551977,0.21146163
2203530693,1.0517933
2203502404,0.097905874
2203484201,1.049234
2203524600,0.30792177
2203557327,0.51311433
2203547803,0.3166471
2203559231,0.19099572
2203555934,0.31289554
2203558795,0.67732906
2203557024,0.4605619
2203553813,0.38454401
2203552924,0.15357682
2203554506,0.16627052
2203554056,0.44475147
2203551325,0.31612846
2203554842,0.19565877
2203556611,0.25508213
2203536470,0.15413794
2203555524,0.21632949
2203515038,0.52644503
2203559332,0.27681822
2203537442,0.48934016
2203528985,0.2259402
2203556166,0.17205185
2203539703,0.51025057
2203556411,0.10392988
2203558934,0.018786818
2203499561,0.41045168
2203554533,0.63777655
2203547150,0.34312052
2203555696,0.13286859
2203551307,0.22404245
2203556751,0.08573884
2203557335,0.3492748
2203556038,0.28701967
2203509722,0.70631707
2203557839,0.0435282
2203556648,0.25015575
2203509812,0.57621956
2203553952,0.839223
2203503613,0.2863909
2203558922,0.26015976
2203502803,0.14803311
2203541647,0.54470503
2203520562,0.33914134
2203513790,-0.010671735
2203552420,-0.06960797
2203526016,0.78555906
2203547268,0.3601274
2203526422,0.35393745
2203497033,0.17357329
2203512643,0.41589752
2203558867,0.60918397
2203531332,1.3384538
2203554631,0.06072569
2203526767,0.463532
2203555508,0.25175261
2203546569,0.012698591
2203558512,0.14359418
2203530597,0.27073485
2203476846,-0.014968455
2203556157,0.13180539
2203477281,1.0065362
2203510048,0.14890698
2203447299,1.2114592
2203504386,0.45567656
2203549379,0.4161514
2203538986,0.19387475
2203556864,0.23770618
2203559212,0.04005435
2203550974,0.22903204
2203553073,1.0659585
2203431331,-0.051950514
2203539902,0.48564687
2203557278,0.26142445
2203516899,0.02725166
2203526330,0.63225883
2203548103,0.1568523
2203511363,0.07702595
2203554074,0.47538802
2203559603,0.6819944
2203557484,0.4097645
2203514957,0.35283774
2203556456,0.3832513
2203534800,0.9172957
2203547813,0.5911774
2203558901,0.20555288
2203556167,0.30020958
2203545899,0.25069326
2203555997,0.24196449
2203552370,0.13276413
2203503997,0.12642324
2203556436,-0.41885316
2203516402,0.49579638
2203559546,0.18159741
2203552368,0.20794958
2203557534,0.46525198
2203522561,0.66097784
2203556069,0.005495429
2203547605,0.34064204
2203539122,0.48558354
2203532671,0.09142262
2203556448,0.5370603
2203555459,0.83154
2203555619,0.6798034
2203506151,0.06394985
2203556415,0.28043735
2203534009,0.23205182
2203559333,0.015251398
2203556480,0.20532653
2203557295,-0.058254242
2203526670,0.2509042
2203514675,0.48637953
2203555420,0.2646289
2203522865,1.0860016
2203557858,0.14972264
2203551297,0.21862781
2203527819,0.24049717
2203486895,0.5649828
2203551081,0.053111374
2203555584,0.4037678
2203556202,0.3971812
2203534757,0.52439696
2203532206,0.69670725
2203518070,0.18683979
2203503994,0.10129166
2203558004,0.370791
2203511308,0.17628601
2203558601,-0.057757616
2203522634,0.2591866
2203522382,0.03473583
2203553429,-0.15883052
2203555849,1.1855736
2203554618,0.69185543
2203559403,0.35992223
2203551780,0.37917447
2203558064,0.289352
2203559017,0.14564174
2203530214,0.4159702
2203530746,0.8037218
2203507994,-0.14706516
2203530885,0.5701339
2203482494,0.37096804
2203536257,0.6369562
2203546731,0.11612049
2203533645,0.44845805
2203537874,0.4806378
2203557782,-0.05877471
2203555209,0.6550394
2203556255,0.11751568
2203553218,0.13926664
2203543500,0.093008995
2203559911,0.29165944
2203559956,0.4246432
2203513724,0.45739508
2203558951,0.4568789
2203551094,0.23222318
2203518814,0.15651244
2203533037,0.5291634
2203525352,0.25462914
2203551083,0.18799615
2203553622,0.06557804
2203559617,0.18120754
2203528853,0.30473706
2203554656,0.32546857
2203546752,0.33256376
2203558477,0.05422148
2203530066,0.111593395
2203540149,0.36979493
2203556338,0.2783466
2203552890,0.5796948
2203551413,0.16580215
2203544569,0.40685934
2203554297,0.17033732
2203557211,0.28259045
2203536932,0.19051516
2203527622,0.28281394
2203546779,0.06770557
2203540825,0.71928513
2203552535,0.4614385
2203558187,0.08747783
2203515643,0.46207494
2203549475,0.44332242
2203554640,0.49378127
2203527230,0.3145946
2203545672,0.29816467
2203481309,0.24940157
2203550125,0.22758782
2203546661,-0.09471786
2203532642,0.2894469
2203533374,2.064924
2203541237,0.5862619
2203527571,0.16998169
2203558974,0.23535323
2203555345,0.23941845
2203554840,0.2527849
2203534697,0.1923829
2203555222,0.23581016
2203533976,0.37071407
2203497088,0.20823088
2203548806,0.15400144
2203559265,0.372946
2203526332,0.2530408
2203524544,0.14466354
2203517293,0.31738514
2203523348,0.05998853
2203557155,0.14110172
2203506214,0.10647234
2203535407,0.14403576
2203550029,-0.029915273
2203509573,0.8805379
2203485325,0.2830487
2203515100,0.36071652
2203518254,0.5836723
2203532910,0.18681851
2203555723,0.2678419
2203551115,0.14853492
2203542126,0.3196783
2203542486,-0.03346312
2203539938,-0.078466594
2203532553,0.49512252
2203527517,1.1131489
2203528025,0.40494093
2203556686,0.31546366
2203549937,0.19648471
2203491048,0.36977077
2203557529,0.10813892
2203550041,0.24316296
2203556227,0.2367937
2203507585,0.43338937
2203552726,0.604205
2203540079,0.5937714
2203546275,-0.0141893625
2203511633,0.8805379
2203557969,0.15597975
2203559414,0.22614887
2203542228,0.18199682
2203558582,0.19797733
2203551805,0.097661525
2203546186,0.10064909
2203559032,0.19673342
2203550433,0.11378798
2203552569,0.40529433
2203548963,0.30161136
2203528926,0.20622918
2203546403,-0.0026682615
2203554859,0.111525
2203556427,0.053816497
2203526421,0.08112332
2203557101,0.15876067
2203554655,-0.090523124
2203529216,0.3834911
2203541092,0.79377735
2203545370,0.37418735
2203557908,0.259355
2203556779,0.3482045
2203508658,0.38431832
2203559009,0.08436814
2203540186,0.64917207
2203546620,0.39304256
2203504160,0.31738514
2203558416,-0.05434674
2203502998,0.256494
2203556412,0.1137974
2203556529,0.4583002
2203502802,0.4542287
2203544056,0.6222842
2203542530,0.23158771
2203554128,0.38656428
2203498861,0.18402272
2203509485,0.014783323
2203542038,0.15540308
2203458135,0.11210579
2203542161,0.40142936
2203534226,0.160781
2203495656,0.11442548
2203557298,0.2614829
2203531138,0.48285076
2203529169,0.11161107
2203517130,0.098899424
2203559206,0.72230697
2203554181,0.4693675
2203558159,0.12228623
2203543340,0.5418406
2203558766,0.9971302
2203551466,0.11217269
2203559361,0.6832501
2203497513,0.50917405
2203544565,0.06120771
2203555910,0.15009832
2203558107,0.16218227
2203558577,0.13690689
2203537207,0.120989114
2203546146,0.21729276
2203546115,-0.026336432
2203452008,0.066031724
2203558478,0.14847174
2203508776,0.053559184
2203558352,0.26365072
2203556367,0.4151925
2203552523,0.12128729
2203534691,0.23226103
2203474130,0.584426
2203552112,0.0865587
2203557428,0.1929219
2203524416,0.89194274
2203490698,0.28837126
2203553546,0.32722044
2203542548,1.0420512
2203559719,0.13759777
2203554119,0.3841669
2203541130,0.46887493
2203558231,0.267625
2203508885,0.1819365
2203473932,0.4094596
2203553012,0.3173075
2203553475,0.057097644
2203551706,0.22615498
2203526783,0.6760107
2203527027,0.16166493
2203538180,0.093547404
2203514606,0.41970506
2203549671,0.14142737
2203555989,0.17697218
2203539918,0.21725291
2203543592,0.25836155
2203559014,0.22015792
2203534416,0.012299597
2203554071,0.26573047
2203537980,0.32395178
2203517184,0.4546132
2203557426,0.32798123
2203513397,0.21050769
2203524082,0.22630093
2203557936,0.015199989
2203546232,-0.12251091
2203480513,0.20642516
2203558426,0.30614626
2203544789,0.4598731
2203555150,0.31979206
2203555111,0.18305361
2203544291,0.1691418
2203495940,0.2621556
2203546727,0.12542665
2203557584,0.28558618
2203547861,0.5669059
2203542610,0.30973548
2203464350,0.3789219
2203546565,0.6099339
2203543353,0.34557933
2203554004,0.38242048
2203525507,0.19656616
2203536050,0.46484962
2203528775,0.6432375
2203502917,0.29747665
2203558144,-0.037706256
2203557100,0.37862962
2203557251,0.18409154
2203555217,0.07438287
2203548434,0.05775106
2203558712,0.15676993
2203559468,-0.03328067
2203557871,0.1315827
2203544294,0.15718356
2203545900,0.2048963
2203533460,0.30165353
2203509908,0.6605458
2203548133,-0.305344
2203557280,0.096251965
2203508007,0.3553456
2203547978,0.11609411
2203559901,0.24210486
2203518405,0.29531583
2203468215,-0.026130855
2203503544,0.27148926
2203558788,0.29626018
2203545107,0.35575506
2203494361,0.19638345
2203556150,0.13145399
2203545479,0.5642689
2203432844,0.43917876
2203554076,0.1166046
2203551025,0.39189735
2203548974,0.008523852
2203555241,0.38224277
2203546220,0.109092
2203526130,0.7417551
2203550132,0.30340117
2203559781,0.236473
2203558750,0.88409877
2203556775,0.03468269
2203548082,0.2975788
2203557526,0.4590302
2203503938,0.103741735
2203540949,-0.058570623
2203518511,0.2617392
2203512492,0.13805124
2203557188,0.041000336
2203557663,0.8580407
2203557849,0.1901615
2203484080,0.123737276
2203556497,-0.04880601
2203559007,0.30072057
2203549191,0.23996377
2203556155,0.38810706
2203542834,0.17921922
2203557052,0.09747425
2203504962,0.18370602
2203554245,0.26005217
2203556193,0.09882599
2203559718,0.36976594
2203559246,0.23824936
2203544536,-0.08456403
2203529333,0.28249192
2203513630,0.20090804
2203542967,0.45871666
2203550055,0.157213
2203559653,0.11064088
2203477647,0.34745163
2203545208,0.1853956
2203542608,0.37714708
2203556375,0.45970008
2203499291,0.37483925
2203524551,0.33341515
2203504585,0.17100644
2203551575,0.35214955
2203534794,0.36907572
2203542171,0.029933363
2203552526,0.21687886
2203554316,-0.022097945
2203525298,0.16537079
2203498529,0.10501665
2203544614,0.33550364
2203556126,0.27167797
2203527944,0.37344748
2203494119,0.09285587
2203524582,0.2309989
2203544163,0.33803922
2203559154,0.24704754
2203547266,0.040738195
2203544640,0.21373102
2203557390,-0.08758825
2203532569,0.4092706
2203481711,0.26972404
2203528924,0.44256097
2203559903,-0.027959287
2203544617,0.32446557
2203555829,0.13851067
2203521590,0.34385586
2203550934,0.35110295
2203555371,0.14624467
2203529183,0.52106416
2203552536,1.0047988
2203516450,0.26330024
2203506094,0.30885684
2203550821,0.14668265
2203540307,0.59649056
2203558439,0.021159679
2203544894,0.6632364
2203533931,0.18991119
2203547845,0.32637662
2203549753,0.3385334
2203472271,0.13750485
2203552144,0.37909618
2203535037,0.48315805
2203506169,0.27577507
2203555575,0.30379036
2203521214,0.3987131
2203558683,0.373173
2203552315,-0.15514177
2203557328,0.09176588
2203556520,0.2772484
2203556108,0.3077879
2203545125,0.12068331
2203541759,0.15750593
2203553316,0.3202957
2203558308,0.15078828
2203558470,-0.16291791
2203551163,0.53430057
2203557794,0.37922192
2203540175,0.20085946
2203539696,0.3267649
2203537634,0.15227538
2203546082,0.29948014
2203542586,0.11811337
2203557857,0.09404236
2203534118,0.35393745
2203558864,0.34548914
2203507723,0.2447691
2203537972,0.2277129
2203490197,0.5049163
2203548758,0.2738127
2203555137,0.33684263
2203553071,0.22384596
2203507395,0.04546553
2203552123,0.24777201
2203485490,0.17041558
2203556188,0.3691252
2203558963,0.35330856
2203553112,0.13617745
2203552178,0.105686635
2203553931,0.59253514
2203553247,0.10980725
2203520385,0.4861986
2203543310,0.49007487
2203522879,0.20244461
2203548676,0.22374117
2203552216,0.14857003
2203526047,0.30700237
2203556164,0.14117494
2203551363,0.22328964
2203539341,0.5193327
2203513332,0.42520744
2203527481,0.3634306
2203502342,0.19591632
2203531547,0.3429251
2203521558,0.2520098
2203498457,0.0014086366
2203554485,0.27783048
2203528718,0.08002436
2203522572,0.57436496
2203544140,0.32049358
2203522904,0.25708324
2203532277,0.7026476
2203553084,0.93278766
2203551733,0.26689282
2203546659,0.53650343
2203531800,0.0032378733
2203515449,0.30156282
2203556679,-0.069407046
2203556047,0.41288137
2203557080,0.5416117
2203531751,0.6430483
2203507023,0.20320109
2203546481,0.04317248
2203512285,0.17218679
2203507642,0.62608165
2203518583,0.17050031
2203555866,-0.06496382
2203531690,0.40335554
2203496659,0.25354153
2203514677,0.14568591
2203558837,-0.036043704
2203557303,0.20739451
2203554807,0.29573035
2203557575,0.84783876
2203557148,0.71032876
2203554889,0.04975739
2203503354,0.19797346
2203549095,0.24655935
2203531757,0.4975398
2203458370,0.37082332
2203522178,0.15653989
2203517754,0.40527254
2203558202,-0.13343936
2203556891,0.289044
2203554765,0.22162828
2203553396,0.120992005
2203522974,0.26037157
2203525612,0.25519258
2203520731,0.17163908
2203556785,0.0685893
2203550663,0.38040203
2203531573,0.27905664
2203509204,0.22402677
2203553542,0.25880253
2203558387,0.40761852
2203496958,0.18203282
2203558184,0.12012851
2203537219,0.31881362
2203549148,-0.12113589
2203551866,0.33893818
2203548374,0.47945127
2203546947,0.28874046
2203541327,0.29935944
2203555227,0.55913365
2203498858,0.10181281
2203531444,0.26853895
2203477653,0.17560276
2203556878,0.38856336
2203545011,0.33534694
2203546476,0.12695614
2203539133,0.22035596
2203559137,0.25869542
2203549216,-0.024014115
2203556792,0.35826248
2203559013,0.16418025
2203527165,0.40097436
2203557414,0.3822267
2203555372,0.2486999
2203474115,1.2472097
2203474122,0.23047104
2203522054,0.4286743
2203557107,-0.009982765
2203506131,0.2668322
2203557724,-0.06874895
2203549359,0.11350453
2203527309,0.29586086
2203558840,0.12257415
2203548227,0.23961467
2203522015,0.5254301
2203557607,0.39029416
2203555889,0.03463024
2203552557,0.6991246
2203556141,0.22943845
2203551701,0.46882853
2203524314,0.24693477
2203523734,0.2191441
2203535715,0.08204076
2203526003,0.29104576
2203493058,0.107631505
2203486752,0.034676254
2203516081,0.78486645
2203553227,0.22871083
2203500963,0.5833337
2203553087,0.1231941
2203555441,0.40386128
2203553716,0.26591364
2203552666,0.3483436
2203552249,0.14487326
2203549027,1.4721243
2203552288,0.24503991
2203554341,0.2959982
2203501899,0.31169477
2203530459,0.12012851
2203559396,0.34415585
2203549607,0.3402496
2203478970,0.51115745
2203554916,0.2741534
2203556215,0.18616474
2203548098,0.5741551
2203553052,0.048036218
2203543578,0.3590984
2203556638,0.34100735
2203532502,0.34029934
2203520295,0.9410566
2203539469,0.4768095
2203523135,0.49109808
2203508812,0.09882599
2203531938,0.49007487
2203550418,0.14946401
2203503436,0.09220305
2203536702,0.15545845
2203553189,0.23523557
2203539553,0.29263398
2203559752,0.18214902
2203529963,0.43522668
2203555446,0.34896582
2203555684,0.10195199
2203531844,0.16693631
2203556432,-0.45368922
2203554707,0.28322774
2203517848,0.29968384
2203559630,0.13283437
2203545475,0.30781835
2203555682,0.26906782
2203557009,0.063191324
2203558023,0.40883878
2203492549,0.11432299
2203552960,0.16978699
2203531990,0.31773034
2203528735,0.22368619
2203553076,0.20555326
2203508321,0.4010133
2203526453,0.37810314
2203531925,0.22586963
2203531391,0.52804774
2203522112,0.15080872
2203558183,0.28898838
2203555144,0.18610066
2203558232,0.15540308
2203534965,0.26530662
2203536628,0.29745454
2203542119,0.3512178
2203558735,0.20083717
2203544597,0.26377374
2203545956,0.27154493
2203489879,0.13214311
2203542706,0.16057363
2203559850,0.33605474
2203523788,0.30304107
2203505015,0.33673465
2203558628,-0.032104433
2203559747,0.06439364
2203557947,0.05721745
2203525292,0.23479676
2203502677,0.53643465
2203559428,0.23578173
2203537639,1.5118678
2203545043,0.1757285
2203544738,0.36244923
2203525452,0.38988942
2203537516,0.330858
2203556424,0.06641808
2203559366,0.035938114
2203502515,0.18749124
2203504524,0.79854405
2203546067,0.27866152
2203551405,-0.009643316
2203489719,0.89620614
2203554246,0.25363016
2203556708,0.18722358
2203518937,0.28721616
2203499328,0.081299394
2203528732,0.22368619
2203554173,0.115829706
2203558393,0.45223647
2203559764,0.12368712
2203555020,0.1040819
2203516277,0.03338933
2203532275,0.48858473
2203542999,0.69273645
2203523761,0.08059877
2203535638,0.30802348
2203552583,0.3216083
2203531094,1.0747943
2203529786,0.45110613
2203514265,0.30206922
2203502548,0.53203744
2203542628,0.27374983
2203525241,0.28296185
2203559817,0.15370941
2203556348,0.07267529
2203557197,0.18406841
2203515757,0.22428977
2203503465,0.13181764
2203443537,0.20924136
2203521246,0.37746704
2203512819,-0.22857314
2203553110,0.17065349
2203496536,0.060515583
2203524405,0.050569683
2203528720,0.09358978
2203558691,0.17757604
2203472274,0.15267217
2203556692,0.19614437
2203553695,0.050919592
2203529942,0.2864857
2203558490,0.07571295
2203551563,0.49530205
2203555726,0.8021755
2203505877,0.1809116
2203508947,0.14264134
2203510097,0.35405642
2203527960,0.15372351
2203524941,0.91318583
2203483515,-0.13870746
2203554466,0.17927909
2203537768,0.19670877
2203555574,0.08887258
2203549584,0.18835309
2203558405,-0.0073729157
2203512813,-0.16096771
2203509649,0.8782032
2203482488,0.48640254
2203531551,0.4168236
2203472323,0.092692405
2203505640,0.109720826
2203558019,0.32061893
2203557924,0.06455031
2203559508,-0.06289202
2203548411,0.11190507
2203519620,0.23032969
2203559815,0.25126636
2203552763,0.59277946
2203510540,0.34452438
2203541541,0.08241266
2203559417,0.19246253
2203557065,0.0713968
2203549808,0.17958787
2203539875,0.260492
2203557047,0.0030714273
2203549173,0.041032463
2203550096,0.02846983
2203558812,-0.06001389
2203555461,0.26648903
2203544541,0.058238804
2203539713,0.15540308
2203543609,0.2864321
2203504199,0.1772492
2203518044,0.21246797
2203518255,0.4685114
2203556022,0.12200752
2203554788,0.19537151
2203549718,-0.12551582
2203541978,0.24109757
2203557137,0.42764682
2203556168,0.06819686
2203526320,0.39074677
2203551763,0.34229517
2203552314,0.27900368
2203535492,0.14494896
2203543315,0.29024398
2203550676,0.25803596
2203555249,0.41027606
2203552335,0.18352601
2203551951,0.07860467
2203558254,0.46791852
2203556724,0.17423084
2203557721,0.2945186
2203545027,0.29259908
2203537526,0.06479859
2203527184,0.5663766
2203503073,0.22312737
2203538264,0.38264722
2203478595,0.33453774
2203553933,0.16480014
2203476403,0.4166598
2203554096,-0.041835904
2203536972,0.94630873
2203546363,0.40623406
2203507836,0.30595207
2203545422,0.2670471
2203535654,0.23642707
2203543700,0.31844458
2203558195,0.33513713
2203532550,0.54866683
2203537724,0.14517328
2203506709,0.30877882
2203553506,0.102436244
2203548667,0.14154297
2203548101,0.15223405
2203511805,0.14079818
2203540385,0.16131026
2203520585,0.29274648
2203536603,0.017087549
2203502971,0.33338258
2203534749,0.10914892
2203556618,0.3488903
2203556477,0.69597316
2203555197,0.2541816
2203537252,0.7158874
2203502921,0.413047
2203508006,0.42957735
2203556575,0.22328964
2203556943,0.050134152
2203558960,0.28236184
2203547657,0.46973062
2203517909,0.3021714
2203557451,0.16581228
2203538478,-0.013327837
2203521566,0.15733546
2203527152,0.3274778
2203549987,0.23842749
2203502958,0.3123825
2203535218,0.0913558
2203522503,0.06881383
2203531763,0.24502417
2203555761,0.13535523
2203553653,0.5582287
2203538193,0.29083693
2203527724,-0.05939883
2203552935,0.16476652
2203555099,0.070061386
2203553601,0.32375336
2203540128,0.0764631
2203549112,0.3066121
2203524532,0.39993697
2203552106,0.08676097
2203554204,0.41872674
2203539873,0.22368619
2203514892,0.13901445
2203551188,0.6237263
2203545471,0.2559907
2203551355,0.287939
2203531736,0.81847376
2203520096,0.37082857
2203543175,0.9860618
2203501149,0.48868588
2203532538,0.072116226
2203511237,0.19729257
2203556788,0.16672716
2203555880,0.32303137
2203501393,0.5340137
2203532035,0.10350147
2203558926,0.35662353
2203541182,-0.0023562908
2203557456,0.29685545
2203499509,0.13833573
2203507154,0.36967206
2203555762,0.13535523
2203554757,0.08781904
2203548829,0.18623573
2203532273,1.0400145
2203551553,0.20948079
2203515016,0.31767085
2203540662,0.121701896
2203527739,0.19438723
2203544662,-0.06501341
2203544867,0.2868625
2203500187,0.44885075
2203547202,0.21852389
2203525918,1.0256479
2203525311,0.60969406
2203531236,0.3210467
2203556810,0.124298185
2203557886,0.38150868
2203525737,0.12213579
2203520183,0.50613546
2203488057,0.23925325
2203553868,0.65475357
2203492271,0.22775528
2203529107,0.3062454
2203557755,0.20162019
2203541444,0.18161362
2203502883,0.19368914
2203547284,0.13499376
2203544233,0.19295046
2203544669,0.35116357
2203534002,0.22316203
2203535778,0.28782618
2203551711,0.49055797
2203557590,0.42612836
2203537679,0.27515554
2203559799,-0.07887864
2203532791,0.02514255
2203558162,0.19218034
2203501421,0.2293661
2203556703,0.43249825
2203555247,0.36339772
2203539871,0.260492
2203558887,0.09997797
2203543027,0.20478407
2203558994,0.09952319
2203550827,0.17167479
2203548726,-0.10305196
2203536293,0.20803836
2203555985,0.2504434
2203528308,0.28513905
2203549599,0.70603925
2203556381,-0.10783905
2203502233,0.1355474
2203556551,0.07907504
2203547965,0.49887115
2203531351,0.3677906
2203491452,0.20218131
2203510148,0.2723245
2203558419,0.16607195
2203496307,0.21355283
2203542373,0.6435149
2203529065,-0.050887406
2203486879,0.91317767
2203558930,0.06594023
2203543589,0.37218004
2203510182,0.50468475
2203511573,0.41307122
2203554031,0.18168771
2203553997,0.38728702
2203557311,-0.022646844
2203553055,0.91078115
2203515821,0.05867195
2203512498,0.17693579
2203549847,0.3237103
2203557189,0.27297443
2203549551,0.1977992
2203534703,0.20833835
2203558853,-0.12947667
2203555862,0.43551213
2203539142,0.19069868
2203555697,0.24338436
2203523950,0.28423762
2203538581,0.42598024
2203558817,0.2668078
2203540389,0.21166426
2203554643,0.49378127
2203556717,0.16395998
2203508097,0.071661025
2203546281,0.45047635
2203558662,0.23222318
2203530753,0.28416288
2203494050,0.31299508
2203530912,0.1172401
2203516760,0.2722556
2203498912,0.1704613
2203554664,0.26770887
2203506199,0.2795735
2203557993,0.095252514
2203549470,0.2881034
2203541483,0.3112469
2203552279,0.3516227
2203557224,0.31357986
2203505404,0.31263113
2203549298,0.036101848
2203488712,-0.076898396
2203552327,0.3141189
2203554241,0.51559824
2203541699,0.36231422
2203524807,0.38431832
2203547140,0.002206266
2203559822,0.2571786
2203530935,0.44666344
2203554624,0.43655223
2203541132,0.19784585
2203501207,0.7234484
2203514977,-0.019302428
2203536880,1.2591839
2203541416,0.26685426
2203536771,0.2121836
2203546059,-0.14234185
2203559599,0.74054235
2203557847,0.13358971
2203556565,0.4417687
2203558988,0.18384776
2203545168,0.4619105
2203554162,0.16297746
2203542615,0.085835576
2203451495,0.101757765
2203524163,0.070260555
2203551102,0.30380765
2203530437,0.35295108
2203526167,0.040646464
2203524621,0.45720512
2203496252,0.25968266
2203553577,0.2795865
2203472638,0.18429631
2203527729,0.16919944
2203556801,0.30888367
2203532916,0.32980037
2203556074,-0.0923692
2203552993,0.25543904
2203525717,0.2295155
2203558730,0.19300184
2203491316,0.30235618
2203539702,0.2902152
2203535990,0.2941899
2203526493,0.23067436
2203540718,0.39681885
2203520055,0.17361888
2203550240,-0.013737798
2203490208,-0.04090804
2203511677,0.26378363
2203491655,0.110084176
2203550994,0.18274367
2203529768,0.16635633
2203531111,0.23290566
2203556973,0.5646073
2203512681,0.28930885
2203530002,0.49762353
2203540844,0.04360214
2203529367,0.15614504
2203526832,0.21209797
2203542996,0.313151
2203531519,0.22075823
2203559650,-0.068350196
2203550898,0.15639523
2203502317,0.14026955
2203537517,0.25779855
2203519006,0.85649323
2203540151,0.31757623
2203553770,0.34787464
2203547919,0.23764592
2203556440,0.26378796
2203512410,0.6409308
2203550551,0.34989768
2203537281,0.75127757
2203553373,0.17509505
2203557998,0.012744516
2203558629,0.198688
2203549062,0.15465829
2203523061,0.18921539
2203536893,0.08721173
2203547772,0.17262694
2203502399,0.18543583
2203513576,0.46366107
2203539335,0.016777635
2203526674,0.15324196
2203529016,0.3638764
2203556293,0.43655223
2203557616,0.23349908
2203556423,0.2693679
2203532417,0.29524228
2203559222,0.07779658
2203508697,0.28488827
2203477385,0.26941139
2203500613,0.3396145
2203507308,0.21330294
2203540121,0.48090783
2203550884,0.29016495
2203555401,0.48009446
2203536054,0.1268515
2203557816,0.029704958
2203556630,0.21031132
2203504534,0.25311154
2203553886,-0.13280046
2203554444,0.4051508
2203534087,0.43469256
2203556733,0.48556808
2203555923,-0.06671858
2203559524,0.17519176
2203557761,0.07042885
2203558418,0.16352096
2203534587,0.25745127
2203555755,-0.0039610863
2203516361,-0.09785116
2203558139,0.044152588
2203542640,0.46076393
2203527600,0.2625308
2203558800,-0.017857611
2203550581,0.36506566
2203521123,0.089141846
2203529202,0.18770748
2203501958,0.09705633
2203533628,0.0014050007
2203467525,0.25078198
2203550681,0.09117839
2203556808,-0.055861592
2203523620,0.018609136
2203530652,0.12674835
2203556437,0.49129334
2203523367,0.14489514
2203540822,0.10241848
2203529358,0.0040325224
2203520176,0.040197402
2203558146,-0.051585197
2203557612,-0.03930378
2203556238,0.5234035
2203557882,-0.020666122
2203534491,0.2987249
2203506567,0.5611173
2203551637,0.556191
2203555194,0.15132415
2203507411,0.17503557
2203550800,-0.065797985
2203556392,0.62105733
2203520875,0.35777423
2203557408,-0.08713794
2203510820,0.0016451478
2203502014,0.106731266
2203545001,-0.008296251
2203551938,0.7798566
2203558374,0.08288497
2203558869,0.013926834
2203526886,0.4592666
2203508677,-0.04804021
2203552298,0.10249266
2203552376,0.29597068
2203540753,0.27811733
2203533072,0.1368646
2203549559,0.2039527
2203504108,0.30936646
2203533446,-0.15647852
2203553481,0.33021733
2203558072,0.092285275
2203551505,0.09600338
2203544668,0.21315998
2203528314,0.8829497
2203557574,-0.01824361
2203530006,0.3808051
2203559066,0.2018691
2203532315,0.24034315
2203548367,0.08452165
2203526917,0.4579562
2203512365,0.12739104
2203541247,0.51356405
2203536011,0.047124
2203530847,0.11033216
2203548019,0.026507407
2203554538,0.41586155
2203546417,0.21845841
2203524180,0.013668537
2203506508,0.11097267
2203501632,0.24553978
2203553191,0.082338125
2203508653,0.12573916
2203557317,0.054873466
2203556237,0.23204988
2203518359,0.18991202
2203554741,0.08053881
2203506189,0.92546
2203557783,0.13358971
2203558486,0.00800705
2203514680,0.3445308
2203536254,-0.094613194
2203551857,0.093135685
2203522926,0.22026724
2203555861,0.02224487
2203504926,-0.05554074
2203540829,-0.14433795
2203543219,0.3594838
2203537731,0.24423555
2203544659,0.5369003
2203532151,-0.10896319
2203553048,1.1022847
2203466133,1.0337507
2203447417,0.14763755
2203555275,0.07792345
2203488688,0.16393834
2203526659,0.092170835
2203472170,-0.01921606
2203534209,0.02431342
2203514849,0.80315
2203544859,0.49502677
2203506179,0.1723989
2203551708,0.47835913
2203556300,-0.03848821
2203557163,0.3111223
2203558036,0.19250563
2203559056,0.1601826
2203501363,0.1552642
2203514401,0.48666573
2203538017,0.14807883
2203512264,0.07138628
2203558070,0.02490738
2203556593,0.38224977
2203558453,0.041333884
2203524664,0.27737558
2203553703,0.21639794
2203513675,0.08297309
2203558361,0.0747315
2203518713,0.10777244
2203499462,0.074842006
2203527020,0.65074575
2203558862,0.5969159
2203526972,0.19686392
2203553252,-0.012047946
2203550334,0.10045189
2203556190,0.20635992
2203488167,0.28518337
2203556138,0.021382391
2203486538,0.034528315
2203512610,0.039470434
2203556623,0.11095923
2203536295,0.069567084
2203557785,0.04745528
2203556156,0.2017684
2203555214,0.2331363
2203559454,0.22548392
2203505317,0.03296268
2203519516,0.07231367
2203488077,-0.0061553717
2203523785,0.16614124
2203503194,0.12873337
2203501501,0.07580674
2203519193,0.08405906
2203526345,0.44109783
2203553459,0.19088888
2203502797,0.077582836
2203531996,0.04720369
2203558878,0.80493236
2203512461,0.26180845
2203558746,0.1737575
2203517279,0.18957397
2203555337,0.013963819
2203487076,0.5503134
2203553917,-0.01269877
2203557879,0.0071666837
2203541644,0.067290455
2203482014,0.011377454
2203512416,0.6086904
2203545276,0.055678457
2203536641,0.032595336
2203524541,0.30190116
2203519877,0.27377957
2203556230,0.17947707
2203505330,0.1899949
2203533113,-0.25401443
2203498115,0.24311772
2203502335,0.036194146
2203520608,0.13497174
2203532619,-0.051463485
2203528580,-0.10410863
2203537266,0.1473093
2203510982,-0.09973216
2203513405,0.31757146
2203556266,0.054934233
2203554793,0.3698339
2203480299,0.08028516
2203554129,0.33596385
2203540540,0.7100384
2203559216,-0.14933264
2203514439,0.1602914
2203517733,-0.03560239
2203508204,0.22732234
2203527865,0.22341034
2203522920,0.17422673
2203553465,0.1703321
2203558410,-0.044189632
2203550303,0.06687984
2203539554,0.17914873
2203557730,0.26599827
2203528310,0.12865847
2203550907,0.0071666837
2203533271,0.039871335
2203557999,0.024846375
2203510770,0.08721152
2203485850,-0.17783713
2203546471,0.12493119
2203471106,0.02419129
2203526430,0.29159993
2203501631,0.041638583
2203513711,0.26545694
2203505882,-0.028223991
2203494607,0.16898215
2203528680,0.15347794
2203518122,-0.09179956
2203542882,0.12055516
2203556420,-0.13834679
2203557128,-0.011588633
2203529837,-0.0017547011
2203527337,0.16646096
2203503338,-0.0210464
2203554598,0.16810405
2203542339,0.061573684
2203488249,0.20368272
2203546693,0.22128698
2203546159,0.21703541
2203533206,0.12608102
2203550230,0.086847275
2203538198,0.33605474
2203554979,0.15417436
2203553318,0.113414645
2203554668,-0.027358472
2203553926,0.13976792
2203545211,0.32296938
2203548815,0.08442971
2203526569,0.056503534
2203547910,-0.12105805
2203559060,-0.09758335
2203502165,0.2927836
2203559103,0.101192296
2203545656,0.11399305
2203550447,-0.0047088265
2203523262,0.19864118
2203557325,0.07310662
2203556024,0.052101046
2203559584,0.085647106
2203557564,-0.01977545
2203550014,0.1489464
2203544677,-0.059184432
2203527303,0.17281342
2203541796,-0.05800265
2203500924,0.13894
2203555359,0.5434527
2203501134,-0.06102884
2203554832,-0.05885893
2203559133,-0.009051442
2203556948,0.09169048
2203550191,-0.018249214
2203539070,0.011911809
2203476122,0.23268789
2203530675,0.04663551
2203543494,0.056189716
2203547002,0.074715376
2203548584,0.099390805
2203544758,0.52515435
2203542040,0.10301572
2203514788,-0.052449822
2203555006,0.062451392
2203503039,0.062286705
2203515525,0.81679076
2203537029,0.22680652
2203546279,0.15745953
2203557249,0.0048397183
2203529938,0.31832767
2203532063,0.047776103
2203547654,0.23253298
2203532269,0.050537318
2203553271,0.015785635
2203521054,0.03209704
2203505459,0.108484685
2203513798,0.13012782
2203545100,0.15717748
2203554270,0.036750317
2203547245,-0.010908008
2203552147,0.30050933
2203515002,-0.07126552
2203542131,-0.07058358
2203517856,0.68943644
2203506156,-0.055861294
2203505411,0.3669418
2203520441,-0.14931965
2203555412,0.29575098
2203541186,0.190857
2203525826,0.16519687
2203558084,-0.05682552
2203536283,0.19544867
2203505155,0.09439859
2203502944,0.010905892
2203557337,0.1617167
2203528264,0.18953308
2203557972,-0.10629475
2203501725,-0.11684561
2203552988,0.10408178
2203559205,0.08374554
2203530735,-0.022668183
2203558388,0.11991468
2203489992,-0.022848606
2203481578,-0.06269497
2203557233,0.045737058
2203546574,0.2587275
2203536590,-0.101056874
2203513404,0.1403752
2203546276,-0.01893127
2203554332,0.3243321
2203505500,0.1594241
2203535754,0.24765623
2203520644,0.24446249
2203537581,0.2239924
2203554880,0.18024126
2203526075,0.0992555
2203553875,0.010140896
2203546493,0.23468778
2203539296,0.24805036
2203514587,0.06730017
2203558062,-0.004734874
2203538196,0.1334458
2203557928,0.028283447
2203501600,0.11114338
2203559012,-0.035474062
2203538105,0.17875546
2203518528,0.12556797
2203548786,0.15493861
2203513019,-0.074860215
2203558917,0.16131622
2203551515,-0.27320123
2203557267,0.17947549
2203549122,0.0049322844
2203552826,0.48697543
2203544526,0.13530856
2203552482,0.033414185
2203529527,0.13420054
2203555102,-0.025915325
2203489391,0.29618075
2203547052,-0.014222562
2203521258,0.26705033
2203514453,0.15764669
2203529525,-0.118519366
2203555544,0.09608269
2203532843,0.35447335
2203502299,0.10783127
2203547193,0.09108156
2203522860,0.18706828
2203520576,0.14652362
2203529206,0.094807744
2203545270,0.056480944
2203497318,0.1854868
2203515006,-0.034635365
2203549717,-0.047100067
2203551551,0.025786012
2203549647,0.020271331
2203555943,0.040145278
2203515554,0.8834399
2203501249,0.18845972
2203553342,-0.004073918
2203558223,0.22634849
2203530592,0.18243626
2203548245,-0.20798838
2203543484,0.19286355
2203555623,0.09620562
2203538647,0.2592126
2203542935,0.051739365
2203552921,-0.17201483
2203538197,0.13119942
2203544067,0.0533444
2203557301,0.45470458
2203506336,0.0661321
2203533810,0.20715934
